"Record Type","Booking / Ref ID","Date & Time (IST)","Customer Name","Customer Phone","Customer Email","Delivery / Site Address","City","District / State","Pincode","Google Maps / Location Link","Items / Capacity Inquired","Total Units","Total Amount (INR)","Payment Status","Razorpay Payment ID","Razorpay Order ID","Shiprocket Push Status","Shiprocket Order ID","Shiprocket Shipment ID","Shiprocket AWB","Courier Partner","Live Tracking URL"
"Online Store Order","MSV-854435","8/10/2026, 11:24:20 am","Erigela nagireddy","9490100815","nagireddyerigela9490@gmail.com","Gopavaram village Mahanandhi Mandal Nandyal district, Sivamma, Kurnool, Andhra Pradesh, PIN: 518583","Kurnool","Andhra Pradesh","518583","N/A","1x MSV Heavy-Duty Drain Clips","1","300","CREATED","N/A","order_TlJ0sP61fesoRl","N/A (UNPAID)","","","","Delhivery / Bluedart",""
"Online Store Order","MSV-515976","7/10/2026, 8:18:41 pm","B Naresh","9032174803","ravinaidunaresh@gmail.com","8-14-4, Iob street,gajulamandyam, renigunta(m),, Tirupati, Andhra Pradesh, PIN: 517520","Tirupati","Andhra Pradesh","517520","N/A","1x MSV Heavy-Duty Drain Clips","1","300","PAID","pay_Tl3ajiGOJaCQSI","order_Tl3aDUmWME1WRU","PUSHED (SUCCESS)","1637478794","1633544197","1633544197","Delhivery / Bluedart","https://shiprocket.co/tracking/1633544197"
"Online Store Order","MSV-400514","7/10/2026, 7:43:23 pm","Voleti sankara rao","7013477624","sankarvoleti1860@gmail.com","1-198, Peddha vedhi, kothavalasa, Parvatipuram, AP, PIN: 535501","Parvatipuram","AP","535501","N/A","1x MSV Heavy-Duty Drain Clips","1","300","PAID","pay_Tl2z5VYLE0HN8P","order_Tl2yyAtmuzhyKS","PUSHED (SUCCESS)","1637371230","1633436652","1633436652","Delhivery / Bluedart","https://shiprocket.co/tracking/1633436652"
"Online Store Order","MA-975443","7/10/2026, 7:36:21 pm","Sambasiva Rao.S","9440884472","orders@mirrorsolarvision.com","10-101/A, Janapadu road, svkp temple side street, Piduguralla, palnadu dt, Andhra Pradesh, PIN: 522413","Piduguralla, palnadu dt","Andhra Pradesh","522413","N/A","1x Mirror Aqua 10-Inch 5-Micron PP Spun Filter (120 Grams)","1","199","PAID","pay_Tl2rlRS4XNUKGK","order_Tl2rUVYLPs9ybh","PUSHED (SUCCESS)","1637355994","1633421416","","Delhivery / Bluedart",""
"Online Store Order","MSV-286909","7/10/2026, 2:58:12 pm","singampalli srinivas","8639131763","srinu8737@gmail.com","2-26-23, sri rama nagar, near vijayaramaraju peta, ANAKAPALLE, Andhra Pradesh, PIN: 531001","ANAKAPALLE","Andhra Pradesh","531001","N/A","1x MSV Heavy-Duty Drain Clips","1","300","PAID","pay_Tky7s0vVQNeCl5","order_Tky7g9JHkEKehP","PUSHED (SUCCESS)","1636785401","1632865259","1632865259","Delhivery / Bluedart","https://shiprocket.co/tracking/1632865259"
"Online Store Order","MA-764140","7/10/2026, 12:52:49 pm","Prabhakar Rangu","8985815920","ranguprabhakar@gmail.com","Maruti Apartments, flat no 504, Lalitha petam, chowdavaram, Guntur, Andhra Pradesh, PIN: 522019","Guntur","Andhra Pradesh","522019","N/A","1x Mirror Aqua 10-Inch 5-Micron PP Spun Filter (120 Grams)","1","199","CREATED","N/A","order_TkvzEfBbPAk02n","N/A (UNPAID)","","","","Delhivery / Bluedart",""
"Online Store Order","MA-804140","7/10/2026, 12:36:46 pm","Vijayakumar","9989368667","bojjavikayakumar365@gmail.com","1-4 kopperla, School Building Road, Vizianagaram, Andhra Pradesh, PIN: 535213","Vizianagaram","Andhra Pradesh","535213","N/A","1x Mirror Aqua 10-Inch 5-Micron PP Spun Filter (120 Grams)","1","199","CREATED","N/A","order_TkviKeqkCH8TaV","N/A (UNPAID)","","","","Delhivery / Bluedart",""
"Online Store Order","MA-463181","7/10/2026, 12:31:05 pm","M venu","9640201111","venumusunuri121@gmail.com","6-62 kovvali kalingapataa, Reliance Tower Road, West Godavari, Andhra Pradesh, PIN: 534442","West Godavari","Andhra Pradesh","534442","N/A","1x Mirror Aqua 10-Inch 5-Micron PP Spun Filter (120 Grams)","1","199","PAID","pay_Tkvcc2SbrAMCsX","order_TkvcKRiiPEUJTu","PUSHED (SUCCESS)","1636380255","1632471401","","Delhivery / Bluedart",""
"Online Store Order","MA-885962","7/10/2026, 12:21:28 pm","Ramesh Ramesh","9642399447","rameshramesh9447@gmail.com","97 plot, Aspari road Bheema Dhaba ( Adoni )i, Kurnool, Andhra Pradesh, PIN: 518301","Kurnool","Andhra Pradesh","518301","N/A","1x Mirror Aqua 10-Inch 5-Micron PP Spun Filter (120 Grams)","1","199","PAID","pay_TkvSOCS3iN2oTg","order_TkvSAMKKH29Pbq","PUSHED (SUCCESS)","1636357414","1632448564","","Delhivery / Bluedart",""
"Online Store Order","MA-706257","7/10/2026, 12:18:29 pm","Praveenkumar A Pedababu","8143913949","akkulapraveenkumar19791979@gmail.com","10-24-13 ward17 savitrupet, Chennareddy street near apple gudwn, West Godavari, Andhra Pradesh, PIN: 534102","West Godavari","Andhra Pradesh","534102","N/A","3x Mirror Aqua 10-Inch 5-Micron PP Spun Filter (120 Grams)","3","597","CREATED","N/A","order_TkvP0Gyxmb80yC","N/A (UNPAID)","","","","Delhivery / Bluedart",""
"Online Store Order","MA-381821","7/10/2026, 12:13:07 pm","Khanna","9966043747","khanna.dolly143@gmail.com","25-8-630/1 shanthinagar diesel colony kazipet, 9966043747, Warangal, Telangana, PIN: 506003","Warangal","Telangana","506003","N/A","1x Mirror Aqua 10-Inch 5-Micron PP Spun Filter (120 Grams)","1","199","CREATED","N/A","order_TkvJIH52vFATER","N/A (UNPAID)","","","","Delhivery / Bluedart",""
"Online Store Order","MA-987851","7/10/2026, 11:49:50 am","Naragoni ravi","9701861497","orders@mirrorsolarvision.com","5-5/2/10/A, S.B.R COLONY ROAD no 8, Hyderabad, Telangana, PIN: 500092","Hyderabad","Telangana","500092","N/A","1x Mirror Aqua 10-Inch 5-Micron PP Spun Filter (120 Grams)","1","199","CREATED","N/A","order_TkuukqjrveoFYc","N/A (UNPAID)","","","","Delhivery / Bluedart",""
"Online Store Order","MA-848328","7/10/2026, 11:47:30 am","Kishore Koppula","7780150869","kishore.9026@gmail.com","Srinivasam residency, anjeneya nagar colony, flot no 203, Boduppal, Hyderabad, Telangana, PIN: 500092","Hyderabad","Telangana","500092","N/A","1x Mirror Aqua 10-Inch 5-Micron PP Spun Filter (120 Grams)","1","199","PAID","pay_TkusiLy2CJSeEW","order_TkusICcZ7L1gdU","PUSHED (SUCCESS)","1636285050","1632376199","","Delhivery / Bluedart",""
"Online Store Order","MA-633326","7/10/2026, 11:43:55 am","Chandra Sekhar","9849331869","nagendraceramics@gmail.com","20/918-1, co-operation coloney, op. chaitanya school, Cuddapah, Andhra Pradesh, PIN: 516001","Cuddapah","Andhra Pradesh","516001","N/A","1x Mirror Aqua 10-Inch 5-Micron PP Spun Filter (120 Grams)","1","199","CREATED","N/A","order_TkuoVUpYV8tuXl","N/A (UNPAID)","","","","Delhivery / Bluedart",""
"Online Store Order","MA-424248","7/10/2026, 11:40:26 am","M.Uttama reddy","9052939291","uttamareddy828@gmail.com","2l56, Kapu Street vempalli, Cuddapah, Andhra Pradesh, PIN: 516329","Cuddapah","Andhra Pradesh","516329","N/A","1x Mirror Aqua 10-Inch 5-Micron PP Spun Filter (120 Grams)","1","199","CREATED","N/A","order_TkukpLVZ18IB2i","N/A (UNPAID)","","","","Delhivery / Bluedart",""
"Online Store Order","MA-533195","7/10/2026, 11:25:35 am","Srinivas arevarapu Srinivas arevarapu","9948151465","srinivasarevarapu@gmail.com","5-5-81/5, msk niwas,3rd floor hal colony, Prakashnagar Kukatpally, Hyderabad, Telangana, PIN: 500082","Hyderabad","Telangana","500082","N/A","1x Mirror Aqua 10-Inch 5-Micron PP Spun Filter (120 Grams)","1","199","CREATED","N/A","order_TkuV8hHpaszEDj","N/A (UNPAID)","","","","Delhivery / Bluedart",""
"Online Store Order","MA-204135","7/10/2026, 11:20:06 am","Dev Chiluveru","9989048587","shiluverudevender107@gmail.com","Anna battula vari veedi, Amalapuram, Dr br ambetkar konaseema, Andhra Pradesh, PIN: 533201","Dr br ambetkar konaseema","Andhra Pradesh","533201","N/A","1x Mirror Aqua 10-Inch 5-Micron PP Spun Filter (120 Grams)","1","199","CREATED","N/A","order_TkuPLo8Nob9JAl","N/A (UNPAID)","","","","Delhivery / Bluedart",""
"Online Store Order","MA-968755","7/10/2026, 11:16:14 am","Sadak Basha","9701819145","sadakdragon@gmail.com","LIG - 290, Huda Complex(Near Meda Heights), Mayuri Nagar, Miyapur, Hyderabad, Telangana, PIN: 500049","Hyderabad","Telangana","500049","N/A","1x Mirror Aqua 10-Inch 5-Micron PP Spun Filter (120 Grams)","1","199","PAID","pay_TkuLR3ui4V7xba","order_TkuLCoR2deQnYz","PUSHED (SUCCESS)","1636218132","1632314908","","Delhivery / Bluedart",""
"Online Store Order","MA-083721","7/10/2026, 10:44:46 am","Vishnu Bodapati","9014746333","bdpt.vishnu@gmail.com","C5, Balaji Estate, Ashok Nagar,3rd. Lane, Guntur, Andhra Pradesh, PIN: 522002","Guntur","Andhra Pradesh","522002","N/A","1x Mirror Aqua 10-Inch 5-Micron PP Spun Filter (120 Grams)","1","199","PAID","pay_Tkto8B5Q3gIKFi","order_Tkto0yrSH4DNWD","PUSHED (SUCCESS)","1636154980","1632251746","","Delhivery / Bluedart",""
"Online Store Order","MA-837377","7/10/2026, 10:40:43 am","Chandra sekhara reddy vg","8147591361","sreec3@gmail.com","H no 403, SAI AKSHAYA HOMES, 2nd cross, Ananth Anagar, Electronic City, No: 403 H Sai Akshaya Home's, phase 2, Bangalore, Karnataka, PIN: 560100","Bangalore","Karnataka","560100","N/A","2x Mirror Aqua 10-Inch 5-Micron PP Spun Filter (120 Grams)","2","398","PAID","pay_TktjutBZGJ2hoO","order_TktjgG4asC7M8f","PUSHED (SUCCESS)","1636147697","1632244473","1632244473","Delhivery / Bluedart","https://shiprocket.co/tracking/1632244473"
"Online Store Order","MA-233878","7/10/2026, 10:13:59 am","Krishna Katla","9440102214","orders@mirrorsolarvision.com","5-1-71/P/A/1,Parvathi Krishna Nilayam, MadhuraPuri colony ,Road no 3,Almasguda, Hyderabad, Telangana, PIN: 500058","Hyderabad","Telangana","500058","N/A","1x Mirror Aqua 10-Inch 5-Micron PP Spun Filter (120 Grams)","1","199","CREATED","N/A","order_TktHRyHtzac6e8","N/A (UNPAID)","","","","Delhivery / Bluedart",""
"Online Store Order","MA-779841","7/10/2026, 9:49:45 am","Narayana","9849333457","www.sbj@gmail.com","KV Jewellers Opp : Indira Gandhi Statue, Gandhi Road, Prakasam, Andhra Pradesh, PIN: 523001","Prakasam","Andhra Pradesh","523001","N/A","1x Mirror Aqua 10-Inch 5-Micron PP Spun Filter (120 Grams)","1","199","PAID","pay_TkssDhYqXg6xcb","order_TksrqvtNanjis5","PUSHED (SUCCESS)","1636050465","1632147248","","Delhivery / Bluedart",""
"Online Store Order","MA-278099","7/10/2026, 9:08:03 am","A VENKATA RAMANA","9059895333","venkataramana0759@gmail.com","Block C48 FLAT 404, L Agraharam TIDDCO HOUSE'S TADEPALLIGUDEM, West Godavari, Andhra Pradesh, PIN: 534101","West Godavari","Andhra Pradesh","534101","N/A","1x Mirror Aqua 10-Inch 5-Micron PP Spun Filter (120 Grams)","1","199","PAID","pay_TksA2vrNhnGHTb","order_Tks9o2g0rJAZZp","PUSHED (SUCCESS)","1635981899","1632081278","1632081278","Delhivery / Bluedart","https://shiprocket.co/tracking/1632081278"
"Online Store Order","MA-998821","7/10/2026, 8:46:44 am","Meherbaba Vuddagiri","7013680001","mehermadhu@gmail.com","Lig-1-230, Near water plant, Tadepalligudem,west Godavari, Andhra Pradesh, PIN: 534101","Tadepalligudem,west Godavari","Andhra Pradesh","534101","N/A","1x Mirror Aqua 10-Inch 5-Micron PP Spun Filter (120 Grams)","1","199","PAID","pay_TkroGsHqubs63K","order_TkrnHjjF0l5YTA","PUSHED (SUCCESS)","1635953594","1632056006","","Delhivery / Bluedart",""
"Online Store Order","MA-353569","7/10/2026, 8:02:39 am","G.Siva Krishna","9666402009","gunjipushpa@gmail.com","Opp Vijaya Shakthi school road, Ferry, ibhrahimpatnam, Ibhrahimpatnam, vijayawada, Andhra Pradesh, PIN: 521456","Ibhrahimpatnam, vijayawada","Andhra Pradesh","521456","N/A","1x Mirror Aqua 10-Inch 5-Micron PP Spun Filter (120 Grams)","1","199","PAID","pay_Tkr30DEHl3XetD","order_Tkr2iKYX49umLG","PUSHED (SUCCESS)","1635912199","1632014613","1632014613","Delhivery / Bluedart","https://shiprocket.co/tracking/1632014613"
"Online Store Order","MA-590014","7/10/2026, 7:33:11 am","Ravi Kumar Gaddam","9866257791","orders@mirrorsolarvision.com","Road no 9, Lakshmi puram, Advocate Buildings, Rayachoty, Andhra Pradesh, PIN: 516269","Rayachoty","Andhra Pradesh","516269","N/A","1x Mirror Aqua 10-Inch 5-Micron PP Spun Filter (120 Grams)","1","199","PAID","pay_TkqXmFJEU7EKQi","order_TkqXf5mZjGsPKa","PUSHED (SUCCESS)","1635887474","1631995516","","Delhivery / Bluedart",""
"Online Store Order","MA-162224","7/10/2026, 7:26:04 am","RAGHUPATHIREDDY","9949543555","raghu5003.rr@gmail.com","Flat no 402 Sai Venkateswara apartment, Sri Venkateswara colony bandlaguda jagir, Hyderabad, Telangana, PIN: 500086","Hyderabad","Telangana","500086","N/A","1x Mirror Aqua 10-Inch 5-Micron PP Spun Filter (120 Grams)","1","199","PAID","pay_TkqROO8TbtI6dE","order_TkqQ86yAv3e9qE","PUSHED (SUCCESS)","1635883126","1631991167","","Delhivery / Bluedart",""
"Online Store Order","MA-769771","7/10/2026, 7:19:32 am","KoteswaraRao B","8019292965","koteswarao331@gmail.com","Meera Colony, Meera Colony, Pernamitta, Prakasam, Andhra Pradesh, PIN: 523225","Prakasam","Andhra Pradesh","523225","N/A","1x Mirror Aqua 10-Inch 5-Micron PP Spun Filter (120 Grams)","1","199","PAID","pay_TkqJKn50WGgKpj","order_TkqJDieiD1LiqL","PUSHED (SUCCESS)","1635878721","1631986762","","Delhivery / Bluedart",""
"Online Store Order","MA-421925","7/10/2026, 7:13:44 am","P.k.r.sarma","9573433633","palurikrsarma@gmail.com","9-2-48/1,flat no.201,Divyakalajali apartments,near Fathima masid,hasmathpet,oldbowenapally, Hyderabad, Telangana, PIN: 500009","Hyderabad","Telangana","500009","N/A","1x Mirror Aqua 10-Inch 5-Micron PP Spun Filter (120 Grams)","1","199","CREATED","N/A","order_TkqD64UYBR693u","N/A (UNPAID)","","","","Delhivery / Bluedart",""
"Online Store Order","MA-615465","7/10/2026, 7:00:17 am","RAVI ROY","9676218899","royraviroy@gmail.com","Ground floor, Pughit Height Appartment Satyam G Simapuri City Kakupalli, Nellore, Andhra Pradesh, PIN: 524346","Nellore","Andhra Pradesh","524346","N/A","5x Mirror Aqua 10-Inch 5-Micron PP Spun Filter (120 Grams)","5","995","PAID","pay_Tkpz6x8UgnWQJn","order_Tkpytlkq8ArMGH","PUSHED (SUCCESS)","1635868506","1631976549","","Delhivery / Bluedart",""
"Online Store Order","MA-218982","7/10/2026, 6:53:44 am","Sudheer kumar","7989939769","sirisu228@gmail.com","101 at floor, 30-38-165 Gayatri Residency Huseen Nagar, Visakhapatnam, Andhra Pradesh, PIN: 530018","Visakhapatnam","Andhra Pradesh","530018","N/A","1x Mirror Aqua 10-Inch 5-Micron PP Spun Filter (120 Grams)","1","199","PAID","pay_Tkps4HCSpk5YcK","order_TkprvN4NrnkkSn","PUSHED (SUCCESS)","1635864279","1631972323","","Delhivery / Bluedart",""
"Online Store Order","MA-060135","7/10/2026, 6:34:25 am","B. Subbarao","9177312929","borusupavani3@gmail.com","1-154, Rajeev colony .ganti pedapudi, East Godavari, Andhra Pradesh, PIN: 533274","East Godavari","Andhra Pradesh","533274","N/A","1x Mirror Aqua 10-Inch 5-Micron PP Spun Filter (120 Grams)","1","199","CREATED","N/A","order_TkpXWGPBWuyRu6","N/A (UNPAID)","","","","Delhivery / Bluedart",""
"Online Store Order","MA-146892","6/10/2026, 10:15:52 pm","Vijay mohan","9160054717","pvijaypharma@gmail.com","17/837/135/4, Kranthi Nagar , near Hanuman temple, Adoni ( kurnool dist), Andhra Pradesh, PIN: 518301","Adoni ( kurnool dist)","Andhra Pradesh","518301","N/A","1x Mirror Aqua 10-Inch 5-Micron PP Spun Filter (120 Grams)","1","199","PAID","pay_Tkh368acKPWqAF","order_Tkh2sclaAjlXT0","PUSHED (SUCCESS)","1635499531","1631630245","","Delhivery / Bluedart",""
"Online Store Order","MA-908332","6/10/2026, 5:45:14 pm","bhavani shankar","9121922569","orders@mirrorsolarvision.com","101,sri venkateswara nivas, Chandanapuri colony, parhaladhapuram, Visakhapatnam, Andhra Pradesh, PIN: 530027","Visakhapatnam","Andhra Pradesh","530027","N/A","1x Mirror Aqua 10-Inch 5-Micron PP Spun Filter (120 Grams)","1","199","PAID","pay_TkcRD6irSF0iV2","order_TkcQzYU9bBtB4Q","PUSHED (SUCCESS)","1634935850","1631083978","","Delhivery / Bluedart",""
"Online Store Order","MSV-931794","6/10/2026, 1:02:17 pm","Sk Mahaboobbasha Mabu","8374888212","mahaboobdarsi@gmail.com","5-598","Darsi prakasam","Andhra Pradesh","523247","N/A","1x MSV Heavy-Duty Drain Clips","1","300","PAID","pay_TkXcUpGJTLaAwU","order_TkXc6ofV2lUoik","PUSHED (SUCCESS)","1635082006","1631224499","77224664090","Delhivery / Bluedart","https://shiprocket.co/tracking/77224664090"
"Online Store Order","MA-465544","6/10/2026, 8:11:11 am","Durga Bhavani saride","9010800340","sivaram7553@gmail.com","1/15 Door number ","Gudivada","Andhra Pradesh","521301","N/A","5x Mirror Aqua 10-Inch 5-Micron PP Spun Filter (120 Grams)","5","995","CREATED","N/A","order_TkSebb03FpCrzA","N/A (UNPAID)","","","","Delhivery / Bluedart",""
"Online Store Order","MA-550903","6/10/2026, 12:25:57 am","Shaik Shafi","8184997131","Skshafifrz@gmail.com","B2 block,TIDCO houses 1st gate 2nd line ","Chilakaluripet","Andhra Pradesh","522616","N/A","1x Mirror Aqua 10-Inch 5-Micron PP Spun Filter (120 Grams)","1","199","PAID","pay_TkKjOjGnA4kzac","order_TkKj9cByXNFp3d","PUSHED (SUCCESS)","1633436083","1629635348","","Delhivery / Bluedart",""
"Online Store Order","MA-545743","5/10/2026, 9:55:48 pm","Durga Bhavani Saride","9010800340","sivaram7553@gmail.com","1/15 Door number ","Gudivada","Andhra Pradesh","521301","N/A","5x Mirror Aqua 10-Inch 5-Micron PP Spun Filter (120 Grams)","5","995","CREATED","N/A","order_TkIAbomcS3SSDP","N/A (UNPAID)","","","","Delhivery / Bluedart",""
"Online Store Order","MA-162580","5/10/2026, 9:49:29 pm","Durga Bhavani Saride","9010800340","sivaram7553@gmail.com","1/15 Door number building","Gudivada","Andhra Pradesh","521301","N/A","5x Mirror Aqua 10-Inch 5-Micron PP Spun Filter (120 Grams)","5","995","CREATED","N/A","order_TkI3rpptC4N4KV","N/A (UNPAID)","","","","Delhivery / Bluedart",""
"Online Store Order","MA-810493","5/10/2026, 9:30:16 am","ghantasala Baji","9491102222","bajighantasala68@gmail.com","4-102","West Godavari","Andhra Pradesh","534004","N/A","1x Mirror Aqua 5 Micron 120g Spun Filter – Pack of 5 + Free Filter Spanner","1","995","CREATED","N/A","order_Tk5T1U92bVdD1M","N/A (UNPAID)","","","","Delhivery / Bluedart",""
"Online Store Order","MSV-444655","5/10/2026, 8:34:11 am","Veera pratap","9550410307","gvpratap1997@gmail.com","Door No 8-8-063","East Godavari","Andhra Pradesh","533464","N/A","1x MSV Heavy-Duty Drain Clips","1","300","PAID","pay_Tk4W6uBpQO70CM","order_Tk4Vlc4LZY4qfa","PUSHED (SUCCESS)","1631316378","1627530814","","Delhivery / Bluedart",""
"Online Store Order","MSV-108788","4/10/2026, 11:21:55 am","Pancheti Perilingam","9966971662","perilingam651991@gmail.com","3-122","Guntur","Andhra Pradesh","522017","N/A","1x MSV Heavy-Duty Drain Clips","1","300","CREATED","N/A","order_TjippXf1mcuyPj","N/A (UNPAID)","","","","Delhivery / Bluedart",""
"Online Store Order","MSV-967716","3/10/2026, 9:12:50 am","VEERA ","9985167631","yerriahveera2@gmail.com","D No-2-10 Krosuru Village And Mandal Palnadu District ","Guntur","Andhra Pradesh","522410","N/A","1x MSV Heavy-Duty Drain Clips","1","300","PAID","pay_TjI6cyDsszNwoD","order_TjI6Q9QJloYc5D","PUSHED (SUCCESS)","1627109617","1623324167","MSV-967716","Delhivery / Bluedart","https://shiprocket.co/tracking/MSV-967716"
"Online Store Order","MSV-865731","3/10/2026, 9:11:08 am","VEERA","9985167631","yerriahveera2@gmail.com","D no-2-10 krosuru Village And mandal palnadu District ","Guntur","Andhra Pradesh","522410","N/A","1x MSV Heavy-Duty Drain Clips","1","300","CREATED","N/A","order_TjI4csbvFqen62","N/A (UNPAID)","","","","Delhivery / Bluedart",""
"Online Store Order","MSV-858507","3/10/2026, 9:11:00 am","VEERA","9985167631","yerriahveera2@gmail.com","D no-2-10 krosuru Village And mandal palnadu District ","Guntur","Andhra Pradesh","522410","N/A","1x MSV Heavy-Duty Drain Clips","1","300","CREATED","N/A","order_TjI4UxWMSfn6Q2","N/A (UNPAID)","","","","Delhivery / Bluedart",""
"Online Store Order","MSV-845224","3/10/2026, 9:10:53 am","VEERA","9985167631","yerriahveera2@gmail.com","D no-2-10 krosuru Village And mandal palnadu District ","Guntur","Andhra Pradesh","522410","N/A","1x MSV Heavy-Duty Drain Clips","1","300","CREATED","N/A","order_TjI4GigGLmbUox","N/A (UNPAID)","","","","Delhivery / Bluedart",""
"Online Store Order","MSV-652308","3/10/2026, 6:04:18 am","Vali","6281313595","gousebtecheee206@gmail.com","S/O Moulali","Nellore","Andhra Pradesh","524313","N/A","1x MSV Heavy-Duty Drain Clips","1","300","PAID","pay_TjEtPTeEsKL90A","order_TjEtD59VhJw4cm","PUSHED (SUCCESS)","1626973556","1623188135","MSV-652308","Delhivery / Bluedart","https://shiprocket.co/tracking/MSV-652308"
"Online Store Order","MSV-295816","3/10/2026, 5:25:03 am","Ramireddy Badduri","8885147770","reddy238784@gmail.com","126b ","Guntur","Andhra Pradesh","522411","N/A","1x MSV Heavy-Duty Drain Clips","1","300","PAID","pay_TjEE4qnPEf4FAv","order_TjEDizlqz8wEbX","PUSHED (SUCCESS)","1635094472","1631236965","SH500838756IN","Delhivery / Bluedart","https://shiprocket.co/tracking/SH500838756IN"
"Online Store Order","MSV-530150","2/10/2026, 5:48:56 pm","Vemula Usha Rani ","9908802449","davasai.123@gmail.com","6-102/3,meeseva center,tiruvuru road","Khammam","Telangana","507302","N/A","1x MSV Heavy-Duty Drain Clips","1","600","PAID","pay_Tj2OijNSzvH8IZ","order_Tj2MPp4VJXkHTh","PUSHED (SUCCESS)","1626186816","1622401434","MSV-530150","Delhivery / Bluedart","https://shiprocket.co/tracking/MSV-530150"
"Online Store Order","MSV-873465","2/10/2026, 11:14:36 am","Customer","","info@mirrorsolarvision.com","Address on file","Andhra Pradesh","Andhra Pradesh","","N/A","Solar Product","0","199","CREATED","N/A","order_TivdvI5B6Rezuc","N/A (UNPAID)","","","","Delhivery / Bluedart",""
"Online Store Order","MA-400641","1/10/2026, 9:46:46 pm","SRINIVAS GHANTASALA","9391944699","info@mirrorsolarvision.com","1-39","West Godavari","Andhra Pradesh","534004","N/A","5x Mirror Aqua 10-Inch 5-Micron PP Spun Filter (120 Grams)","5","995","PAID","pay_TihsqgniqWZ08V","order_TihsX6hjSoG66R","PUSHED (SUCCESS)","1624566471","1620781141","","Delhivery / Bluedart",""
"Online Store Order","MSV-808336","29/9/2026, 11:50:14 am","Pavan Kumar S","8341199829","spavankumar313@gmail.com","14-236/A","Chittoor","Andhra Pradesh","517001","N/A","1x MSV Heavy-Duty Drain Clips","1","300","PAID","pay_ThkfqUot3lACXt","order_Thke9MynXEEmbk","PUSHED (SUCCESS)","1635081995","1631224488","77224664580","Delhivery / Bluedart","https://shiprocket.co/tracking/77224664580"
"Online Store Order","MSV-729866","28/9/2026, 3:48:54 pm","K .VENKATESWARARAO ","8374056666","kvraodee@gmail.com","H.No.10/127","Krishna","Andhra Pradesh","521301","N/A","1x MSV Heavy-Duty Drain Clips","1","300","PAID","pay_ThQBROsMJgAmsv","order_ThQBAR74LREweq","PUSHED (SUCCESS)","1617491092","1613706101","1613706101","Delhivery / Bluedart","https://shiprocket.co/tracking/1613706101"
"Online Store Order","MSV-477242","28/9/2026, 9:38:02 am","Jayaprakash reddy","9581710006","kanreddyjp@gmail.com","61, Sukrithi Udhbhava, Shubhagruha","MEDCHAL MALKAJGIRI","Telangana","500100","N/A","1x MSV Heavy-Duty Drain Clips","1","800","PAID","pay_ThJs0OrI1bKAZr","order_ThJrOydoJVyf5A","PUSHED (SUCCESS)","1616807469","1613022486","","Delhivery / Bluedart",""
"Online Store Order","MSV-616792","27/9/2026, 1:40:23 pm","K LakshmiKanth ","9493237550","kanth1236@gmail.com","1/428","Nellore","Andhra Pradesh","524101","N/A","1x MSV Heavy-Duty Drain Clips","1","300","PAID","pay_TgzSX57PCtdcjR","order_TgzSFmGXhMMKJu","PUSHED (SUCCESS)","1615096329","1611311401","","Delhivery / Bluedart",""
"Online Store Order","MA-828103","26/9/2026, 9:23:54 am","Kittu patnapu ","7981162585","kittukumari9390@gmail.com","Sivalayam street ","Bhimadole polasanipalli ","Andrapradesh ","534425","N/A","1x Mirror Aqua 10-Inch 5-Micron PP Spun Filter","1","199","PAID","pay_TgWZ2uF2xl4h4y","order_TgWYCvI1Eddxmd","PUSHED (SUCCESS)","1612350709","1608565881","MA-828103","Delhivery / Bluedart","https://shiprocket.co/tracking/MA-828103"
"Online Store Order","MSV-249306","26/9/2026, 8:07:35 am","Manikanta rama krishna ","9491444335","ramkrishna.mani@gmail.com","D.no-5-28-B-5, Bantumill road, behind svr chicken center,near chapala Market road, Gudivada ","Krishna","Andhra Pradesh","521301","N/A","1x MSV Heavy-Duty Drain Clips","1","300","CREATED","N/A","order_TgVFazOwfZc0MB","N/A (UNPAID)","","","","Delhivery / Bluedart",""
"Online Store Order","MSV-736264","25/9/2026, 4:25:42 pm","Manikanta Somagani ","9676541996","info@mirrorsolarvision.com","6/169","Krishna","Andhra Pradesh","521332","N/A","1x MSV Heavy-Duty Drain Clips","1","300","PAID","pay_TgFCtxeaDpFtmd","order_TgFCeRPl9ZrBMM","PUSHED (SUCCESS)","1611061218","1607276421","1607276421","Delhivery / Bluedart","https://shiprocket.co/tracking/1607276421"
"Online Store Order","MSV-509787","25/9/2026, 8:18:35 am","Balaji Peruri","9182612420","balajiperuri09@gmail.com","Mirror solar vision ","Eluru","Andhra Pradesh","534001","N/A","1x MSV Sample Test Clip","1","10","PAID","pay_Tg6uF5P35aGhHX","order_Tg6u6cnvHWgqlV","PUSHED (SUCCESS)","1610138690","1606354128","1606354128","Delhivery / Bluedart","https://shiprocket.co/tracking/1606354128"
"Online Store Order","MSV-913281","25/9/2026, 7:51:58 am","MIRROR SOLAR VISION","9849810668","mirrorsolarvision@gmail.com","Mirrorsolarvision ","Eluru ","Andhra Pradesh","534001","N/A","1x MSV Sample Test Clip","1","10","PAID","pay_Tg6S8sQ8iSy1fl","order_Tg6RzdjkUYPeI8","PUSHED (SUCCESS)","1610118931","1606334369","1606334369","Delhivery / Bluedart","https://shiprocket.co/tracking/1606334369"
"Online Store Order","MSV-488966","24/9/2026, 10:34:54 pm","Balaji Peruri","9182612420","balajiperuri09@gmail.com","7c-6-11, eastern street ","Eluru","Andhra Pradesh ","543001","N/A","1x MSV Sample Test Clip","1","10","CREATED","N/A","order_TfwxXc7vORguvX","N/A (UNPAID)","","","","Delhivery / Bluedart",""
"Online Store Order","MSV-284965","24/9/2026, 9:58:11 pm","Mirror Test","9182612420","mirrorsolarvision@gmail.com","Shop 1","Eluru","AP","534001","N/A","1x MSV Drain Clips (35mm)","1","300","CREATED","N/A","order_TfwKjpMe0BQ9rG","N/A (UNPAID)","","","MSV-284965","Delhivery / Bluedart","https://shiprocket.co/tracking/MSV-284965"
"Online Store Order","MSV-554209","24/9/2026, 7:52:39 am","V. Venkateswara Reddy","7013006405","venkateswarareddy.elr@gmail.com","D. No17-10-3/2","ELURu","Andhra Pradesh","534005","N/A","1x MSV Heavy-Duty Drain Clips","1","400","PAID","pay_TfhvpMYzVJcyr7","order_Tfhvb28MUEzJsu","PUSHED (SUCCESS)","1607990995","1604206855","","Delhivery / Bluedart",""
"Online Store Order","MSV-354637","23/9/2026, 5:55:56 pm","P suribabu ","9550203449","ponagantisuribabu5@gmail.com","2-11","Kakinad ","Andhra Pradesh","533429","N/A","1x MSV Heavy-Duty Drain Clips","1","300","CREATED","N/A","order_TfTfngmhGDSCL8","N/A (UNPAID)","","","","Delhivery / Bluedart",""
"Online Store Order","MSV-171274","23/9/2026, 5:52:56 pm","P suribabu ","9550203449","ponagantisuribabu5@gmail.com","2-11","Kakinad ","Andhra Pradesh","533429","N/A","1x MSV Heavy-Duty Drain Clips","1","300","PAID","pay_TfTcp9iG5BRHF8","order_TfTcZn0P1CJALD","PUSHED (SUCCESS)","1635094495","1631236989","SH500838725IN","Delhivery / Bluedart","https://shiprocket.co/tracking/SH500838725IN"
"Online Store Order","MSV-177479","23/9/2026, 5:19:43 pm","Uppalaiah nalamasa","9704922428","nr1531125775@gmail.com","5-56 madipelli,thorrur","Warangal","Telangana","506163","N/A","1x MSV Heavy-Duty Drain Clips","1","500","PAID","pay_TfT3qy0NRvVF54","order_TfT3TgkjgazA09","PUSHED (SUCCESS)","1606919745","1603135664","1603135664","Delhivery / Bluedart","https://shiprocket.co/tracking/1603135664"
"Online Store Order","MSV-279654","22/9/2026, 9:38:06 pm","Dr Jayasree","9290097990","jayasreeyelanati@gmail.com","Dr Jayasree eyecare","Krishna","Andhra Pradesh","521165","N/A","1x MSV Heavy-Duty Drain Clips","1","500","PAID","pay_Tf8vWUY4MSMXki","order_Tf8vHbIzOP4iK7","PUSHED (SUCCESS)","1605375877","1601591860","1601591860","Delhivery / Bluedart","https://shiprocket.co/tracking/1601591860"
"Online Store Order","MSV-876414","21/9/2026, 6:18:02 pm","V Ratnakumar","7989056819","kmrvdp@gmail.com","2-168/38","Kakinada","Andhra Pradesh","533005","N/A","1x MSV Heavy-Duty Drain Clips","1","300","PAID","pay_Tegz1NdCbgWTuR","order_TegypjfW0OpUri","PUSHED (SUCCESS)","1602665258","1598881314","1598881314","Delhivery / Bluedart","https://shiprocket.co/tracking/1598881314"
"Online Store Order","MSV-823549","21/9/2026, 11:53:46 am","CHIKKALA THIRUMALA VENKATA KUMAR","9505129889","Chintu.kumar999@gmail.com","C/o PRASAD CHIKKALA, Dno: 4-3-45","KONASEEMA","Andhra Pradesh","533201","N/A","1x MSV Heavy-Duty Drain Clips","1","300","PAID","pay_TeaR6WQMLLXtPr","order_TeaQyMiKQX9Dwk","PUSHED (SUCCESS)","1601743591","1597959681","","Delhivery / Bluedart",""
"Online Store Order","MSV-397577","21/9/2026, 11:46:42 am","CHIKKALA THIRUMALA VENKATA KUMAR","9505129889","Chintu.kumar999@gmail.com","C/o Prasad, Dno:4-3-45","Konaseema Dist","Andhra Pradesh","533201","N/A","1x MSV Heavy-Duty Drain Clips","1","300","PAID","pay_TeaKMrvu2pyMCr","order_TeaJTVJjZJXlly","PUSHED (SUCCESS)","1601730123","1597946213","","Delhivery / Bluedart",""
"Online Store Order","MSV-866569","20/9/2026, 4:44:32 pm","Badi Gopal","8249999065","badigopal2563@gmail.com","13","Ganjam","Odisha","761045","N/A","1x MSV Heavy-Duty Drain Clips","1","300","PAID","pay_TeGrEfY99f8Rtp","order_TeGqwnlzalm7qo","PUSHED (SUCCESS)","1600215202","1596431329","","Delhivery / Bluedart",""
"Online Store Order","MSV-983823","20/9/2026, 12:03:09 pm","Shravya reddy","9888537777","shravya.kg7777@gmail.com","2-4-12/1A","East Godavari","Andhra Pradesh","533003","N/A","1x MSV Heavy-Duty Drain Clips","1","300","PAID","pay_TeC4JxAP4xs89F","order_TeC3icEe3F30eR","PUSHED (SUCCESS)","1599489761","1595705901","","Delhivery / Bluedart",""
"Online Store Order","MSV-750071","20/9/2026, 10:35:55 am","Chikkala sudheer","8297767673","chikkalasudheer4@gmail.com","Vangalapudi","East Godavari","Andhra Pradesh","533287","N/A","1x MSV Heavy-Duty Drain Clips","1","600","CREATED","N/A","order_TeAZZgmN5WkfKH","N/A (UNPAID)","","","","Delhivery / Bluedart",""
"Online Store Order","MSV-134916","19/9/2026, 1:52:21 pm","VENKATESWARA REDDY VADICHERLA","7013006405","vadicherlavenkateswarareddy@gmail.com","D. No 17-10-3/2","ELURU","Andhra Pradesh","534005","N/A","1x MSV Heavy-Duty Drain Clips","1","300","PAID","pay_TdpODeWGRe1QXT","order_TdpNvyXwxKmfXz","PUSHED (SUCCESS)","1597551855","1593768042","","Delhivery / Bluedart",""
"Online Store Order","MSV-211637","19/9/2026, 6:40:16 am","DAMMU NOOKARAJU ","9701860072","info@mirrorsolarvision.com","8-83 main street ","Visakhapatnam","Andhra Pradesh","531117","N/A","1x MSV Heavy-Duty Drain Clips","1","300","PAID","pay_Tdi3vcuZ7IGa37","order_Tdi1XTdXMfhQhZ","PUSHED (SUCCESS)","1596792369","1593008592","1593008592","Delhivery / Bluedart","https://shiprocket.co/tracking/1593008592"
"Online Store Order","MSV-906076","18/9/2026, 7:11:53 pm","Sampath Kumar ","8328369232","sampathkumarsivaraju@gmail.com","RAMANA GUTTA ROAD ","Khammam","Telangana","507002","N/A","1x MSV Heavy-Duty Drain Clips","1","300","PAID","pay_TdWIZj1CCZKSoo","order_TdWIKz38pJbqZz","PUSHED (SUCCESS)","1595927563","1592143808","","Delhivery / Bluedart",""
"Online Store Order","gf7LimCqdKYZp0cR2fCU","17/9/2026, 6:35:50 pm","Javvadi Shanmukha","9666828999","shanmukhajavvadi@gmail.com","6-108","West Godavari","Andhra Pradesh","534211","N/A","1x MSV Heavy-Duty Drain Clips","1","300","PAID","pay_Td79MrCoxWV0yB","order_Td799IzOmKTb0l","PUSHED (SUCCESS)","1638612219","1634656827","","Delhivery / Bluedart",""
"Online Store Order","EF7L3QNbtcA6DUcQse3d","17/9/2026, 5:00:07 pm","srinuvasu rejeti","8985887882","srinuvasurejeti236@gmail.com","6/20","Narsiparnam","Andhra Pradesh","531116","N/A","1x MSV Heavy-Duty Drain Clips","1","300","PAID","pay_Td5WIK1ubU9E3b","order_Td5W3RbCJTnKrj","PUSHED (SUCCESS)","1638611657","1634656263","","Delhivery / Bluedart",""
"Online Store Order","MSV-079883","16/9/2026, 7:48:06 am","prasad s d","9381468188","prasadsivaratri3@gmail.com","1-131/2/1","Visakhapatnam","Andhra Pradesh","530049","N/A","1x MSV Heavy-Duty Drain Clips","1","300","PAID","pay_TcXa0FxOmjg4FQ","order_TcXZnmUlshCgVH","PUSHED (SUCCESS)","1590104708","1586321975","","Delhivery / Bluedart",""
"Online Store Order","MSV-260936","15/9/2026, 8:11:06 pm","S.V.V.GOPALA RAJU RAJU","8985857878","vijaysrivatsavaya@gmail.com","1-13-296","Yanam","Puducherry","533464","N/A","1x MSV Heavy-Duty Drain Clips","1","300","PAID","pay_TcLhqMuAUHrR3V","order_TcLhYWt5Uyo5wM","PUSHED (SUCCESS)","1589385465","1585602751","","Delhivery / Bluedart",""
"Online Store Order","MSV-382755","15/9/2026, 5:43:08 pm","Babu raoRamayanam","9182815720","rvbgvp@gmail.com","14/340 Vinayaka nagar opposit to vengamamba school","Cuddapah","Andhra Pradesh","516193","N/A","1x MSV Heavy-Duty Drain Clips","1","300","PAID","pay_TcJBT01wuBtPK7","order_TcJBFjQTEnfpsh","PUSHED (SUCCESS)","1589110974","1585328264","","Delhivery / Bluedart",""
"Online Store Order","MSV-279125","15/9/2026, 4:18:05 pm","Giri Bollepalli ","9848555676","bvr1693@gmail.com","Bollepalli lakshmamma nilayam ","Piduguralla ","Andhra Pradesh","522413","N/A","1x MSV Heavy-Duty Drain Clips","1","300","PAID","pay_TcHkji89siDu5q","order_TcHjOmTM383pHu","PUSHED (SUCCESS)","1588947100","1585164395","","Delhivery / Bluedart",""
"Online Store Order","MSV-200347","15/9/2026, 3:26:46 pm","Kodali","9866074242","kodalistudio@gmail.com","3.74,chintal bazar, ramalayam road, vanukuru ","Krishna","Andhra Pradesh","521151","N/A","1x MSV Heavy-Duty Drain Clips","1","300","CREATED","N/A","order_TcGrC8HHLa85vV","N/A (UNPAID)","","","","Delhivery / Bluedart",""
"Online Store Order","MSV-753152","13/9/2026, 9:22:35 pm","Jaya Krishna","9989451459","sairamojikatta@gmail.com","House No: 2-103","East Godavari","Andhra Pradesh","533289","N/A","1x MSV Heavy-Duty Drain Clips","1","500","PAID","pay_TbZrGNpQ5qt8kK","order_TbZqsWq2BNR2yZ","PUSHED (SUCCESS)","1585129714","1581347230","","Delhivery / Bluedart",""
"Online Store Order","MSV-689670","13/9/2026, 9:21:36 pm","sai ramoji","9492207653","sairamojikatta@gmail.com","House No: 2-103","East Godavari","Andhra Pradesh","533289","N/A","1x MSV Heavy-Duty Drain Clips","1","500","CREATED","N/A","order_TbZplo9tTLoT0s","N/A (UNPAID)","","","","Delhivery / Bluedart",""
"Online Store Order","MSV-853989","13/9/2026, 7:27:40 pm","N. Siva Koteswara Rao","9951521469","nallagorllasiva@gmail.com","Reddy gudem","Palnadu","Andhra Pradesh","522412","N/A","1x MSV Heavy-Duty Drain Clips","1","500","CREATED","N/A","order_TbXtQ66adgIslT","N/A (UNPAID)","","","","Delhivery / Bluedart",""
"Online Store Order","MSV-075177","13/9/2026, 5:17:57 pm","Siva koteswararao nallagorla","9951521469","nallagorllasiva@gmail.com","3_2, library centre ","Palnadu district ","Andhra Pradesh","522412","N/A","1x MSV Heavy-Duty Drain Clips","1","500","PAID","pay_TbVgcAGwt6IJWF","order_TbVgSr2adGYFJu","PUSHED (SUCCESS)","1584473257","1580690783","","Delhivery / Bluedart",""
"Online Store Order","MSV-715393","13/9/2026, 5:12:00 pm","Siva koteswararao","9951521469","nallagorllasiva@gmail.com","3_2, library centre ","Palnadu district ","Andhra Pradesh","522412","N/A","1x MSV Heavy-Duty Drain Clips","1","500","CREATED","N/A","order_TbVa8OxVJ90RRH","N/A (UNPAID)","","","","Delhivery / Bluedart",""
"Online Store Order","MSV-917641","13/9/2026, 4:08:43 pm","Yadalam Harshith","9494667770","HARSHITHREKHA@GMAIL.COM","Harshith CSC point ","Chodavaram","Andhra Pradesh","531025","N/A","1x MSV Heavy-Duty Drain Clips","1","300","PAID","pay_TbUVWXw6yQu4oY","order_TbUVH2vyJpKcaB","PUSHED (SUCCESS)","1584337497","1580555026","","Delhivery / Bluedart",""
"Online Store Order","MSV-910835","13/9/2026, 12:48:37 pm","M S Rao ","9494440652","maddalasreenivas@gmail.com","2-109/1, plot no 33, Rd no 6","Hyderabad","Telangana","500050","N/A","1x MSV Heavy-Duty Drain Clips","1","300","PAID","pay_TbR64Td98VWXqq","order_TbR5syd3gyn347","PUSHED (SUCCESS)","1583786575","1580004130","","Delhivery / Bluedart",""
"Online Store Order","MSV-813181","13/9/2026, 9:43:39 am","  S .Durga Bhavani","9010800340","sivaram7553@gmail.com","Dr.  1/15","Krishna","Andhra Pradesh","521301","N/A","1x MSV Heavy-Duty Drain Clips","1","300","PAID","pay_TbNwizjWlAncF1","order_TbNwVkoF4CgY8l","PUSHED (SUCCESS)","1583384257","1579601838","","Delhivery / Bluedart",""
"Online Store Order","MSV-637009","12/9/2026, 1:07:24 pm","Raju Rongala","9866294078","rajurongala@gmail.com","Thanam ","Anakapalli","Andhra Pradesh","531021","N/A","1x MSV Heavy-Duty Drain Clips","1","300","PAID","pay_Tb2tN4ATyK1V9F","order_Tb2sbCFShXQmUk","PUSHED (SUCCESS)","1581330169","1577547867","","Delhivery / Bluedart",""
"Online Store Order","MSV-073807","12/9/2026, 12:44:40 am","Jr green solar power systems","9966681469","maheshjuturu@gmail.com","Shop no 1,sanjay Nagar, beside fire station ","Ananthapur","Andhra Pradesh","515671","N/A","1x MSV Heavy-Duty Drain Clips","1","300","PAID","pay_TaqEGzaPafDemP","order_TaqE268hP49J4S","PUSHED (SUCCESS)","1580515523","1576733325","","Delhivery / Bluedart",""
"Online Store Order","MSV-695169","9/9/2026, 5:21:41 pm","Durga Balaji","9849810668","mirrorsolarvision@gmail.com","6C/7/11","Eluru ","Andhra Pradesh","534001","N/A","1x Sample Solar Drain Clip (Live Test Product)","1","10","PAID","pay_TZvc3GyNc0dN4c","order_TZvbrSQp6J5mnx","PUSHED (SUCCESS)","1574879030","1571097052","","Delhivery / Bluedart",""
"Online Store Order","MSV-244545","9/9/2026, 11:07:31 am","Test User","9849810668","info@mirrorsolarvision.com","Address on file","Eluru","Andhra Pradesh","534001","N/A","1x Live Booking ID Test","1","10","CREATED","N/A","order_TZpEbXkHkkOukr","N/A (UNPAID)","","","","Delhivery / Bluedart",""
"Online Store Order","nARBF1jak1YCb3hS6wr2","9/9/2026, 10:48:36 am","Patnapi krishna kumari","7981162585","kittukumari9390@gmail.com","Sivajiganesh","West Godavari","Andhra Pradesh","534425","N/A","1x MSV Heavy-Duty Drain Clips","1","300","PAID","pay_TZovcQcvdfRk9g","order_TZoud6bf10RbT4","PUSHED (SUCCESS)","1573929098","1570147139","1570147139","Delhivery / Bluedart","https://shiprocket.co/tracking/1570147139"
"Online Store Order","R5dTiq3sFYQQoSQnEVsS","9/9/2026, 10:25:34 am","peruri durgarao","9849810668","mirroraquaro@gmail.com","7C/6/11","Eluru ","Andhra Pradesh","534001","N/A","1x Sample Solar Drain Clip (Live Test Product)","1","10","PAID","pay_TZoWU64uwPXsvx","order_TZoWMvYr4fdaZX","PUSHED (SUCCESS)","1573878340","1570096383","1570096383","Delhivery / Bluedart","https://shiprocket.co/tracking/1570096383"
"Online Store Order","250tkbaAOzkYIuoxGbRw","9/9/2026, 10:11:55 am","Health Check","9849810668","info@mirrorsolarvision.com","Address on file","Eluru","Andhra Pradesh","534001","N/A","1x Sample Solar Drain Clip (Live Test)","1","10","CREATED","N/A","order_TZoHsoh2BLvGJL","N/A (UNPAID)","","","","Delhivery / Bluedart",""
"Online Store Order","M2xmBz98lrgb7GkeiH2L","9/9/2026, 10:01:22 am","balajiperuri","9182612420","balajiperuri09@gmail.com","Mahalakshmi nilyam ,near buddha park 534001","ELURU","Andhra Pradesh","534001","N/A","1x Sample Solar Drain Clip (Live Test Product)","1","10","PAID","pay_TZo6xCPtY7MdQ8","order_TZo6oOhuF1vlJM","PUSHED (SUCCESS)","1638611832","1634656439","","Delhivery / Bluedart",""
"Online Store Order","2ybNjmkF49IjraNHagJU","9/9/2026, 9:59:22 am","Test","9999999999","info@mirrorsolarvision.com","Address on file","Eluru","AP","534001","N/A","1x Test","1","10","CREATED","N/A","order_TZo4hPxEjvgdtg","N/A (UNPAID)","","","","Delhivery / Bluedart",""
"Online Store Order","19uQn7QtU8w6ymTzc3VM","9/9/2026, 9:57:17 am","Ravi Kumar ","7670919378","peddintiravikumar1997@gmail.com","Door no 4-215","West Godavari","Andhra Pradesh","534001","N/A","1x Sample Solar Drain Clip (Live Test Product)","1","10","CREATED","N/A","order_TZo2Q1MJIRocRJ","N/A (UNPAID)","","","","Delhivery / Bluedart",""
"Online Store Order","MfvOKQgtjCEWLyOkTNGE","8/9/2026, 7:21:39 pm","Ravi. ","9966009034","info@mirrorsolarvision.com","dno 4-215","Eluru","Andhra Pradesh","534001","N/A","1x MSV Heavy-Duty Drain Clips","1","300","PAID","pay_TZZ7g6ykcQbQrJ","order_TZZ7TEUw5yZqFq","PUSHED (SUCCESS)","1638612124","1634656731","","Delhivery / Bluedart",""
"Online Store Order","Ifft5O06banSuI3MEHQC","8/9/2026, 6:59:37 pm","balajiperuri","9182612420","balajiperuri09@gmail.com","Mahalakshmi nilyam ,near buddha park 534001","eluru","Andhra Pradesh","534001","N/A","1x MSV Heavy-Duty Drain Clips","1","300","PAID","pay_TZYkQBTWGB29XU","order_TZYkBBCGpPFTlb","PUSHED (SUCCESS)","1638611758","1634656365","","Delhivery / Bluedart",""
"Online Store Order","3QyHzAuF0WfnamSMkKyi","1/8/2026, 2:17:36 pm","Aditya sai Nandyala","7569928327","","601","West Godavari","Andhra Pradesh","534001","N/A","1x Test Product (Pen)","1","20","PAID","pay_TKRds3iDMClwKD","order_TKRdnW3DowLdfI","PUSHED (SUCCESS)","1488255474","1484478913","","Delhivery / Bluedart",""
"Online Store Order","5jXWsb1iq4RrPBDLllGG","1/8/2026, 2:16:56 pm","Aditya sai Nandyala","7569928327","","601","West Godavari","Andhra Pradesh","534001","N/A","1x Test Product (Pen)","1","20","CREATED","N/A","order_TKRd63JrlJYoxq","N/A (UNPAID)","","","","Delhivery / Bluedart",""
"Online Store Order","TgGewQ6fqHnd9sPkfMSK","1/8/2026, 2:16:00 pm","Aditya sai Nandyala","7569928327","","akdlfafd","West Godavari","Andhra Pradesh","534001","N/A","1x Test Product (Pen)","1","20","CREATED","N/A","order_TKRc5NAMMLMgh9","N/A (UNPAID)","","","","Delhivery / Bluedart",""
"Online Store Order","9jtmJmNVozKqkuuAXfFo","1/8/2026, 2:01:13 pm","Aditya sai Nandyala","7569928327","","adfasdf","West Godavari","Andhra Pradesh","534001","N/A","1x Test Product (Pen)","1","20","PAID","pay_TKRMYd41BicuRY","order_TKRMUmk0iSAgcA","PUSHED (SUCCESS)","1488206900","1484430341","","Delhivery / Bluedart",""
"Online Store Order","VB9Oourmpdg6fRowlika","1/8/2026, 1:56:24 pm","Punya kheerthaana","7569928327","","601,","West Godavari","Andhra Pradesh","534001","N/A","1x Test Product (Pen)","1","20","PAID","pay_TKRHY5vubKyzZc","order_TKRHInpYlanyOx","PUSHED (SUCCESS)","1488193638","1484417082","","Delhivery / Bluedart",""
"Online Store Order","MehqnynE0QFP1oGdIui6","1/8/2026, 1:40:53 pm","Aditya sai Nandyala","7569928327","","601, Balaji nagar ","West Godavari","Andhra Pradesh","534001","N/A","1x Test Product (Pen)","1","20","PAID","pay_TKR17RRKLbZvoC","order_TKR10qHxInDCa7","⚠️ NOT PUSHED / PENDING","","","","Delhivery / Bluedart",""
"Online Store Order","SWODp9VupXbcQqDRtGzJ","1/8/2026, 1:35:38 pm","Aditya sai Nandyala","7569928327","","601,balaji nagar","West Godavari","Andhra Pradesh","534001","N/A","1x Test Product (Pen)","1","20","PAID","pay_TKQvXueHhUJW6I","order_TKQvLw9kbZ3ljY","⚠️ NOT PUSHED / PENDING","","","","Delhivery / Bluedart",""
"Online Store Order","to7E1yC620nxrFML8FA9","1/8/2026, 1:28:44 pm","RaamBow Technologies","7569928327","","601,64,gourisankara nilayam","West Godavari","Andhra Pradesh","534001","N/A","1x Test Product (Pen)","1","20","PAID","pay_TKQoIj0qUwnS85","order_TKQo4LcMXPg0aj","⚠️ NOT PUSHED / PENDING","","","","Delhivery / Bluedart",""
"Online Store Order","2cW0A1hpHn7YUhdDmrAo","1/8/2026, 1:17:06 pm","RaamBow Technologies","9849810668","","aditya","West Godavari","Andhra Pradesh","534462","N/A","1x Test Product (Pen)","1","20","PAID","pay_TKQc5nPHwcZP9a","order_TKQbsAU4sJ22O5","⚠️ NOT PUSHED / PENDING","","","","Delhivery / Bluedart",""
"Online Store Order","d6MtWS74o7DJLKX7gfL0","1/8/2026, 1:08:51 pm","RaamBow Technologies","9182612420","","opp vmax cinema hall","eluru","534462","534462","N/A","1x Test Product (Pen)","1","20","PAID","pay_TKQTL5vJjtd8Ck","order_TKQT9rxPRr4cB4","⚠️ NOT PUSHED / PENDING","","","","Delhivery / Bluedart",""
"Online Store Order","3LL8qFFNThLRcmU9h1eP","1/8/2026, 12:56:13 pm","A.S. Naidu","2435254","","2435245252","sfggf","dfsgsfgs","245254","N/A","1x Test Product (Pen)","1","20","PAID","pay_TKQFtH98twiD25","order_TKQFieqM2Cylzj","⚠️ NOT PUSHED / PENDING","","","","Delhivery / Bluedart",""
"Online Store Order","GMOnEZ78DsyExw3TEdDL","1/8/2026, 12:36:32 pm","A.S. Naidu","7569928327","","aldsjfakdf,alkdf;a","Eluru","Andhra Pradesh","534001","N/A","1x Test Product (Pen)","1","20","PAID","pay_TKPv7a4LwgLgOs","order_TKPv2glJDgJvtF","⚠️ NOT PUSHED / PENDING","","","","Delhivery / Bluedart",""
"Online Store Order","2i2w3BFuamH9wi65kB8E","1/8/2026, 12:32:49 pm","A.S. Naidu","7569928327","","Aditya,601","West GOdavari","Andhra Pradesh","534001","N/A","1x MSV Heavy-Duty Drain Clips","1","300","CREATED","N/A","order_TKPr1N8CXzox72","N/A (UNPAID)","","","","Delhivery / Bluedart",""
"PM Surya Ghar Quote","MSV-QTE-411876","7/10/2026, 11:53:40 pm","Jitendrasai","7013709699","jitendrasaibhaskaruni9@gmail.com","AP","Andhra Pradesh","Andhra Pradesh","","N/A","3kW Solar System (Bill: ₹6000)","1","0","QUOTE REQUEST","N/A","N/A","N/A","N/A","N/A","N/A","N/A","N/A"
"PM Surya Ghar Quote","MSV-QTE-434135","18/9/2026, 9:37:23 am","alluri subramanya ramesh","9849744445","rameshalluris@gmail.com","AP","Andhra Pradesh","Andhra Pradesh","","N/A","3kW Solar System (Bill: ₹1500)","1","0","QUOTE REQUEST","N/A","N/A","N/A","N/A","N/A","N/A","N/A","N/A"
"PM Surya Ghar Quote","MSV-QTE-401793","24/9/2026, 3:53:35 pm","Damodar Reddy K","9000704584","damodar.sssihl@gmail.com","AP","Andhra Pradesh","Andhra Pradesh","","N/A","3kW Solar System (Bill: ₹600)","1","0","QUOTE REQUEST","N/A","N/A","N/A","N/A","N/A","N/A","N/A","N/A"
"PM Surya Ghar Quote","MSV-QTE-713741","21/9/2026, 10:58:35 pm","prasad","9885577889","friiendskurra1@gmail.com","AP","Andhra Pradesh","Andhra Pradesh","","N/A","3kW Solar System (Bill: ₹4000)","1","0","QUOTE REQUEST","N/A","N/A","N/A","N/A","N/A","N/A","N/A","N/A"
"PM Surya Ghar Quote","MSV-QTE-617789","24/9/2026, 9:13:53 pm","S srinivas ","9848012345","","AP","Andhra Pradesh","Andhra Pradesh","","N/A","3kW Solar System (Bill: ₹521000)","1","0","QUOTE REQUEST","N/A","N/A","N/A","N/A","N/A","N/A","N/A","N/A"
"PM Surya Ghar Quote","MSV-QTE-339338","21/9/2026, 11:45:47 am","Ghjj","9177439831","djjd@gmail.com","AP","Andhra Pradesh","Andhra Pradesh","","N/A","3kW Solar System (Bill: ₹1500)","1","0","QUOTE REQUEST","N/A","N/A","N/A","N/A","N/A","N/A","N/A","N/A"
"Free Site Survey Booking","MSV-SRV-873999","2/10/2026, 11:14:36 am","Customer","","","","Andhra Pradesh","Andhra Pradesh","","N/A","Site Survey (RCC Roof - Domestic)","1","0","SURVEY BOOKED","N/A","N/A","N/A","N/A","N/A","N/A","N/A","N/A"
"Free Site Survey Booking","MSV-SRV-666008","21/9/2026, 5:07:48 pm","Test Diagnostic","9849810668","","","Andhra Pradesh","Eluru","","N/A","Site Survey (RCC Roof - Domestic)","1","0","SURVEY BOOKED","N/A","N/A","N/A","N/A","N/A","N/A","N/A","N/A"